,ratio,reward
0,0.1509090909090909,51355.0
1,0.37398373983739835,19277.0
2,0.11294117647058824,43566.0
3,0.15594541910331383,38646.0
4,0.5075187969924813,41086.0
5,0.3433734939759036,40185.0
6,0.20665083135391923,30790.0
7,0.12448979591836734,43397.0
8,0.2761627906976744,46268.0
9,0.2777777777777778,39615.0
10,0.2133676092544987,37614.0
11,0.1630901287553648,38780.0
